,pokemon,win
0,kingdra nidoking urshifurapidstrike zapdos ferrothorn pelipper,1.0
1,dragonite magearna azumarill hawlucha landorustherian tapukoko,1.0
2,golisopod volcarona scolipede shedinja orbeetle scizor,1.0
3,slowkinggalar cinderace spectrier landorustherian krookodile zapdos,1.0
4,lycanroc hippowdon nidoking magearna tyranitar excadrill,0.0
5,kartana heatran gyarados ribombee diggersby tapulele,0.0
6,sableye sylveon quagsire articuno volcarona lycanroc,0.0
7,cinderace nidoking zapdosgalar corviknight ferrothorn swampert,1.0
8,urshifurapidstrike kartana melmetal latios dragonite hippowdon,0.0
9,ferrothorn barraskewda swampert pelipper regieleki tornadustherian,0.0
10,regieleki victini hawlucha blastoise torkoal espeon,1.0
11,salamence krookodile primarina heracross silvally entei,1.0
12,kingdra nidoking urshifurapidstrike zapdos ferrothorn pelipper,1.0
13,garchomp alakazam rotomwash clefable amoonguss heatran,1.0
14,ditto aggron scyther hitmonlee cramorant morpeko,1.0
15,hydreigon tapufini excadrill barraskewda corviknight nidoqueen,1.0
16,rotomwash swampert araquanid gyarados cloyster primarina,0.0
17,corsolagalar urshifu cinderace ferrothorn blissey volcarona,0.0
18,ludicolo volcanion regirock regice gengar mew,1.0
19,dragapult arcanine exeggutor zeraora inteleon corviknight,0.0
20,goodra lapras krookodile metagross jolteon scolipede,1.0
21,gyarados primarina rotomwash swampert cloyster araquanid,0.0
22,starmie gallade lilligant trevenant hatterene salamence,0.0
23,blissey lycanrocdusk volcarona landorustherian tapufini tangrowth,1.0
24,salamence volcarona chansey weavile comfey zapdosgalar,0.0
25,pelipper seismitoad tornadustherian tapukoko barraskewda ferrothorn,1.0
26,rillaboom obstagoon zapdos swampert heatran tapulele,0.0
27,dragapult weavile skarmory slowkinggalar clefable gyarados,1.0
28,kingdra ferrothorn toxtricity pelipper barraskewda scizor,1.0
29,magearna cinderace inteleon landorustherian skarmory dragapult,0.0
30,gyarados dubwool tyranitar durant sylveon regieleki,0.0
31,ditto moltres pelipper excadrill urshifurapidstrike tapulele,0.0
32,magmortar dragapult tapukoko toxapex conkeldurr grimmsnarl,0.0
33,hydreigon heatran nidoking tapukoko slowbro zapdosgalar,1.0
34,blissey buzzwole cloyster ferrothorn azumarill charizard,1.0
35,incineroar linoone ferrothorn gardevoir haxorus urshifurapidstrike,0.0
36,inteleon arcanine zeraora corviknight exeggutor dragapult,0.0
37,aegislash steelix azumarill weezinggalar butterfree gardevoir,0.0
38,urshifurapidstrike shuckle gardevoir nidoking rotomwash talonflame,0.0
39,garchomp cinderace zapdosgalar kartana toxapex ribombee,1.0
40,braviary runerigus bouffalant rapidash lapras klefki,1.0
41,urshifurapidstrike moltres excadrill ditto pelipper tapulele,1.0
42,umbreon zapdos gengar cinderace garchomp toxapex,1.0
43,dragonite magnezone lapras rhyperior rapidash venusaur,1.0
44,gyarados garchomp dragonite aerodactyl tyranitar blastoise,1.0
45,mew latios moltres slowkinggalar hippowdon garchomp,1.0
46,magearna regieleki spectrier garchomp cinderace landorustherian,1.0
47,zapdos slowbro urshifurapidstrike landorustherian garchomp heatran,1.0
48,garchomp charizard dragonite milotic sceptile machamp,1.0
49,dragapult salamence espeon heatran cinderace ferrothorn,1.0
50,barraskewda regieleki pelipper tornadustherian swampert ferrothorn,1.0
51,azumarill landorustherian azelf kartana cinderace ninetalesalola,1.0
52,espeon landorustherian kartana hawlucha blastoise torkoal,1.0
53,pelipper nidoking tapukoko thundurustherian omastar articunogalar,0.0
54,kartana dunsparce barraskewda dragapult jirachi shuckle,0.0
55,landorustherian ferrothorn azumarill swampert dragonite obstagoon,0.0
56,audino slowbrogalar kartana landorustherian terrakion hydreigon,0.0
57,cinderace hydreigon tornadustherian magearna slowbro landorustherian,1.0
58,ditto mew zoroark jirachi garchomp dragonite,1.0
59,gengar incineroar venusaur torkoal garchomp magearna,1.0
60,primarina dragonite cinderace ninetalesalola gengar decidueye,1.0
61,dragapult kartana hippowdon landorustherian tyranitar corviknight,1.0
62,dragonite obstagoon landorustherian azumarill ferrothorn swampert,1.0
63,tapulele rotomwash swampert roserade dragonite landorustherian,1.0
64,articuno dusknoir bisharp wailord corviknight spiritomb,1.0
65,inteleon slowbrogalar corviknight polteageist cinderace rillaboom,1.0
66,hatterene zeraora cloyster krookodile weavile tornadustherian,0.0
67,calyrex clefable landorustherian hawlucha tapubulu polteageist,0.0
68,tyranitar excadrill spectrier reuniclus skarmory toxapex,0.0
69,aegislash cloyster excadrill blastoise cinderace dragapult,1.0
70,tapubulu clefable polteageist landorustherian calyrex hawlucha,0.0
71,kartana urshifurapidstrike regieleki moltres tapulele latios,1.0
72,kingler pikachu bulbasaur squirtle charizard tauros,1.0
73,landorustherian swampert volcarona dragapult ferrothorn zapdosgalar,1.0
74,kartana ditto conkeldurr latios tapufini landorustherian,1.0
75,dragapult metagross tapulele melmetal incineroar zapdos,0.0
76,gengar cinderace corviknight golurk rhyperior flareon,0.0
77,latios scizor zeraora rapidashgalar runerigus kommoo,1.0
78,toxapex chansey regieleki stakataka lucario mimikyubusted,0.0
79,hatterene sigilyph alakazam heatran corviknight incineroar,1.0
80,doublade tapubulu lilligant indeedeef gallade meowstic,0.0
81,urshifurapidstrike ferrothorn aegislash moltresgalar zeraora swampert,0.0
82,tapukoko metagross gardevoir mew blacephalon garchomp,0.0
83,tyranitar garchomp magearna kartana gyarados tapukoko,1.0
84,polteageist clefable calyrex hawlucha melmetal rillaboom,0.0
85,blacephalon lycanrocmidnight jolteon regice ferrothorn primarina,1.0
86,rotomfrost spectrier leafeon cinderace dragapult ninetales,1.0
87,espeon porygon2 diggersby blacephalon azumarill rillaboom,1.0
88,garchomp dragonite metagross dragapult goodra hydreigon,0.0
89,cradily dracozolt tyranitar inteleon excadrill ferrothorn,1.0
90,mew metagross garchomp tapukoko gardevoir blacephalon,0.0
91,magearna reuniclus zapdosgalar rillaboom garchomp kommoo,1.0
92,blissey gigalith chandelure virizion luxray garchomp,1.0
93,cinderace aegislash cloyster excadrill dragapult tapufini,1.0
94,heatran regieleki scizor mamoswine swampert landorustherian,1.0
95,gyarados scizor persianalola excadrill lapras togekiss,1.0
96,froslass slowking linoone starmie gallade swinub,0.0
97,volcarona heliolisk zapdosgalar venusaur torkoal quagsire,1.0
98,dragapult aegislash tapufini excadrill cloyster cinderace,1.0
99,spectrier kartana latios blissey toxapex conkeldurr,1.0
100,corsolagalar polteageist corviknight garchomp amoonguss togekiss,1.0
101,centiskorch nidoking urshifu corviknight clefable azelf,1.0
102,cinderace excadrill ferrothorn toxapex togekiss rillaboom,1.0
103,polteageist clefable calyrex hawlucha melmetal rillaboom,0.0
104,regidrago tyranitar regirock metagross tapufini landorustherian,0.0
105,haxorus druddigon archeops aggron hydreigon lapras,1.0
106,regidrago regice regirock regigigas regieleki registeel,1.0
107,urshifurapidstrike nidoking corviknight centiskorch clefable azelf,1.0
108,regidrago regirock registeel regice regigigas regieleki,1.0
109,corviknight nidoking centiskorch urshifu clefable azelf,1.0
110,suicune manectric lycanrocdusk boltund arcanine glaceon,1.0
111,magearna kartana mandibuzz slowbro dragonite swampert,1.0
112,zapdos landorustherian volcarona crawdaunt toxapex kartana,1.0
113,cinderace togekiss excadrill toxapex ferrothorn rillaboom,1.0
114,slowkinggalar zapdosgalar grimmsnarl regieleki glastrier dragapult,1.0
115,blissey dragapult doublade persianalola ludicolo landorustherian,1.0
116,zapdosgalar volcarona quagsire heliolisk venusaur torkoal,1.0
117,tyranitar dracozolt buzzwole slowking moltres excadrill,1.0
118,cramorant salamence reuniclus aegislash krookodile magnezone,0.0
119,seismitoad goodra scizor primarina ferrothorn mandibuzz,1.0
120,magearna buzzwole tyranitar garchomp slowkinggalar hitmontop,0.0
121,moltres slowbro hippowdon excadrill slowkinggalar goodra,0.0
122,rotommow lilligant incineroar tsareena crawdaunt rillaboom,0.0
123,stakataka marowakalola mimikyubusted magearna glastrier hatterene,1.0
124,togekiss volcarona excadrill weavile starmie roserade,1.0
125,toxapex excadrill corviknight clefable ferrothorn hatterene,0.0
126,toxapex clefable cinderace nidoking garchomp ferrothorn,1.0
127,rillaboom tsareena rotommow incineroar lilligant crawdaunt,0.0
128,blissey dragapult lucario buzzwole corviknight gardevoir,1.0
129,spectrier kartana swampert cinderace landorustherian regieleki,1.0
130,diggersby azelf ninetalesalola jirachi azumarill hawlucha,0.0
131,barraskewda seismitoad hydreigon pelipper ferrothorn zapdos,1.0
132,victini bisharp ferrothorn tapufini mandibuzz amoonguss,1.0
133,kingdra kabutops toxicroak uxie registeel ludicolo,1.0
134,torkoal arctozolt sandslashalola mew charizard ninetalesalola,1.0
135,rotomwash shuckle urshifurapidstrike gardevoir nidoking talonflame,0.0
136,magearna hippowdon cinderace moltres buzzwole blissey,1.0
137,volcarona pelipper kingdra regieleki rillaboom tapukoko,1.0
138,gengar hydreigon amoonguss zeraora corviknight crawdaunt,0.0
139,zoroark dragapult slowbro      ,0.0
140,quagsire dragapult spiritomb comfey magnezone moltres,1.0
141,tyranitar dracozolt excadrill moltres slowking buzzwole,1.0
142,urshifurapidstrike tyrantrum aggron tapulele weavile salazzle,1.0
143,jirachi kyurem hippowdon mandibuzz dragapult cinderace,1.0
144,chansey dubwool garchomp moltresgalar toxapex regieleki,0.0
145,hydreigon clefable magearna cinderace landorustherian slowking,1.0
146,ninjask rillaboom hawlucha      ,0.0
147,alakazam landorustherian toxapex cloyster inteleon cinccino,1.0
148,jolteon landorustherian hitmontop barraskewda tapufini cinderace,1.0
149,quagsire scyther lickilicky spiritomb bronzong rapidash,1.0
150,tapulele tyranitar spectrier rotomheat urshifurapidstrike hydreigon,1.0
151,haxorus kartana landorustherian glastrier melmetal darmanitan,1.0
152,urshifurapidstrike talonflame gardevoir rotomwash nidoking shuckle,0.0
153,magearna incineroar venusaur gengar torkoal garchomp,1.0
154,crobat golurk inteleon zoroark weavile metagross,0.0
155,dragapult grimmsnarl bisharp hatterene hawlucha rotommow,1.0
156,haxorus landorustherian darmanitan kartana melmetal glastrier,1.0
157,magearna stakataka hatterene marowakalola mimikyubusted glastrier,0.0
158,magearna mandibuzz arctovish heatran corviknight ninetalesalola,1.0
159,keldeoresolute arcanine metagross goodra nihilego rillaboom,1.0
160,arcanine pikachuoriginal azumarill mawile galvantula articuno,1.0
161,magearna toxapex corviknight tyranitar landorustherian latios,1.0
162,kingdra zapdos ferrothorn urshifurapidstrike nidoking pelipper,1.0
163,carracosta dracozolt melmetal tyranitar rotomwash magearna,1.0
164,obstagoon rapidashgalar moltres excadrill ninetalesalola arctovish,1.0
165,toxapex cloyster cinccino inteleon alakazam landorustherian,0.0
166,tauros squirtle charizard kingler bulbasaur pikachu,1.0
167,dragonite tyranitar metagross swampert mimikyubusted blaziken,1.0
168,tapulele urshifu zapdos cinderace excadrill hydreigon,1.0
169,regidrago regice regieleki regirock regigigas registeel,1.0
170,tapufini obstagoon mamoswine moltres tangrowth durant,1.0
171,rhydon wartortle linoonegalar magneton haunter tangela,1.0
172,porygon2 tornadustherian articunogalar diggersby azumarill blacephalon,1.0
173,magearna dragonite spectrier hawlucha landorustherian tapukoko,1.0
174,clefable absol victini mamoswine shuckle lapras,1.0
175,corviknight toxtricity tyranitar sirfetchd buzzwole metagross,1.0
176,turtonator charizard garchomp blastoise flapple dragapult,0.0
177,weavile landorustherian glastrier blaziken latios clefable,1.0
178,darmanitan ferrothorn tapukoko sharpedo swoobat landorustherian,1.0
179,keldeoresolute zeraora weavile dragapult blaziken ferrothorn,1.0
180,sylveon dragapult conkeldurr rotomheat seismitoad corviknight,1.0
181,blissey ferrothorn slurpuff sirfetchd metagross scolipede,0.0
182,urshifurapidstrike regieleki dragonite dragapult lycanrocdusk cinderace,1.0
183,inteleon nidoqueen morpeko regirock jirachi tapulele,1.0
184,marowakalola cresselia uxie stakataka crawdaunt magearna,1.0
185,magearna reuniclus zapdosgalar garchomp kommoo rillaboom,1.0
186,haxorus conkeldurr reuniclus volcarona bisharp chandelure,1.0
187,ferrothorn rillaboom togekiss tangrowth toxapex excadrill,0.0
188,magearna indeedee slowbro swampert zapdosgalar kartana,0.0
189,gyarados conkeldurr melmetal clefable volcarona dugtrio,1.0
190,crawdaunt sandaconda slowbro clefable slowkinggalar skarmory,1.0
191,corviknight hydreigon buzzwole inteleon rillaboom cinderace,0.0
192,haxorus charizard aegislashblade rhyperior cinderace dragapult,1.0
193,garchomp dragonite dragapult lucario zeraora charizard,0.0
194,magearna reuniclus zapdosgalar rillaboom garchomp kommoo,1.0
195,blacephalon ferrothorn slowkinggalar regidrago urshifurapidstrike landorustherian,1.0
196,toxapex excadrill togekiss rillaboom ferrothorn tangrowth,1.0
197,dragapult corviknight hatterene centiskorch toxtricity rillaboom,1.0
198,dragonite          ,0.0
199,tapukoko corviknight        ,0.0
200,magmortar magearna landorustherian ferrothorn moltres weavile,1.0
201,zapdos tapufini mimikyubusted landorustherian heatran porygon2,1.0
202,dragapult barraskewda seismitoad tornadustherian pelipper ferrothorn,1.0
203,magearna reuniclus zapdosgalar rillaboom garchomp kommoo,1.0
204,comfey ninetales        ,1.0
205,toxapex clefable hippowdon corviknight slowkinggalar umbreon,1.0
206,quagsire buzzwole mamoswine corviknight chansey dragapult,1.0
207,hydreigon urshifurapidstrike landorustherian tapulele heatran rillaboom,1.0
208,dragapult regidrago flapple dragalge flygon kingdra,1.0
209,tentacruel quagsire dragapult blaziken obstagoon golbat,0.0
210,alcremie noivern mamoswine falinks sableye gengar,1.0
211,barraskewda zapdos landorustherian gyarados chansey pelipper,0.0
212,chansey inteleon zapdos rillaboom buzzwole tapulele,1.0
213,tapukoko garchomp gengar gastrodon blaziken leafeon,0.0
214,dragapult scizor blissey corviknight espeon garchomp,1.0
215,latios barraskewda gengar cinderace blaziken melmetal,1.0
216,mimikyubusted garchomp tapufini rotomheat ferrothorn hawlucha,1.0
217,kartana ferrothorn barraskewda pelipper regieleki toxapex,0.0
218,heatran kommoo swampert hatterene venusaur magnezone,1.0
219,ferrothorn regieleki dedenne arctovish magearna azumarill,0.0
220,tyranitar sharpedo krookodile mandibuzz hydreigon umbreon,0.0
221,hatterene jirachi tapukoko corviknight togekiss crawdaunt,1.0
222,weavile rotomfan dragapult      ,0.0
223,rotomwash landorustherian milotic cinderace lurantis pelipper,1.0
224,shuckle volcarona ninjask scizor shedinja corsolagalar,1.0
225,tapufini tapulele moltres urshifu hippowdon melmetal,1.0
226,weavile dragapult rotomfan      ,0.0
227,volcarona hydreigon rillaboom aggron tyranitar aerodactyl,1.0
228,hydreigon obstagoon sharpedo krookodile weavile mandibuzz,1.0
229,haunter tangela rhydon wartortle linoonegalar magneton,0.0
230,cinderace dragapult nidoking hydreigon clefable blissey,1.0
231,marowakalola magearna cresselia uxie conkeldurr crawdaunt,0.0
232,latios dragonite excadrill tyranitar ferrothorn spectrier,1.0
233,durant dugtrio        ,0.0
234,rillaboom nihilego tapufini hippowdon zapdosgalar cinderace,1.0
235,spectrier cinderace heatran swampert landorustherian kartana,1.0
236,rillaboom zapdosgalar landorustherian hatterene nidoking volcarona,1.0
237,gastrodon garchomp tapukoko blaziken gengar leafeon,1.0
238,spectrier garchomp corviknight tyranitar slowkinggalar slowbro,1.0
239,hydreigon sharpedo weavile bisharp mandibuzz krookodile,1.0
240,jirachi azumarill diggersby hawlucha azelf ninetalesalola,1.0
241,primarina avalugg regieleki lycanrocdusk vanilluxe ninetalesalola,1.0
242,rillaboom hawlucha shuckle urshifurapidstrike volcarona zeraora,1.0
243,zeraora keldeoresolute ferrothorn pelipper tornadustherian barraskewda,1.0
244,garchomp nidoking swampert tapukoko corviknight excadrill,1.0
245,polteageist moltres kartana regieleki garchomp tapufini,1.0
246,tyranitar ferrothorn melmetal azumarill dragapult moltres,1.0
247,tyrantrum silvallyflying grapploct electivire metagross dragonite,1.0
248,tyranitar clefable corviknight swampert garchomp dracozolt,0.0
249,corviknight blacephalon mamoswine tapufini tangrowth drapion,0.0
250,blissey magearna garchomp clefable spectrier dragonite,1.0
251,aggron gyarados blaziken thundurustherian hydreigon sceptile,0.0
252,volcanion moltres ferrothorn latios torkoal venusaur,1.0
253,lucario lycanrocdusk garchomp tapufini urshifurapidstrike gardevoir,0.0
254,seismitoad barraskewda ferrothorn tornadustherian dragapult pelipper,0.0
255,rillaboom regieleki dragapult dragonite cinderace urshifurapidstrike,0.0
256,spectrier nidoking garchomp ribombee cinderace landorustherian,1.0
257,jolteon clefable        ,0.0
258,salamence kommoo venusaur tapubulu chandelure primarina,1.0
259,volcarona tapukoko regieleki zeraora barraskewda politoed,1.0
260,alakazam rillaboom spectrier dragonite jolteon cloyster,0.0
261,dragapult garchomp corviknight blissey clefable toxapex,0.0
262,magearna landorustherian spectrier garchomp cinderace regieleki,1.0
263,dracozolt stoutland cloyster excadrill tyranitar shuckle,1.0
264,volcarona salamence weavile zapdos aegislash garchomp,1.0
265,zarudedada dragapult tapukoko gengar xurkitree victini,0.0
266,tapulele kartana heatran landorustherian zapdosgalar blissey,1.0
267,excadrill tapulele rillaboom cramorant garchomp slowbro,1.0
268,slurpuff zapdosgalar garchomp ferrothorn barraskewda blissey,1.0
269,blissey kyurem melmetal ferrothorn blaziken regieleki,1.0
270,lucario raichualola slowbro krookodile tornadustherian tapukoko,0.0
271,dragapult slowkinggalar gengar crawdaunt clefable mandibuzz,1.0
272,tyranitar dragonite ninetalesalola charizard sceptile gengar,0.0
273,slowbro zapdos cinderace blissey landorustherian magearna,1.0
274,cresselia toxicroak magearna moltres exeggutoralola slowkinggalar,1.0
275,metagross swampert heracross rillaboom electivire garchomp,0.0
276,slowking exploud ferrothorn clefable conkeldurr galvantula,1.0
277,magearna darmanitan pelipper krookodile spectrier moltresgalar,1.0
278,tapufini drapion blacephalon tangrowth mamoswine corviknight,1.0
279,excadrill regice kyurem clefable keldeo mandibuzz,1.0
280,barbaracle barraskewda mew drapion ferrothorn chansey,1.0
281,pelipper flareon        ,0.0
282,hatterene blissey mrrime buzzwole toxapex swampert,1.0
283,zapdos tapufini nidoking mandibuzz landorustherian kartana,1.0
284,toxapex landorustherian regieleki dragapult lickilicky liepard,0.0
285,ninetales leafeon rillaboom starmie shuckle espeon,1.0
286,bronzong lucario aegislash zoroark runerigus salazzle,1.0
287,spectrier garchomp ribombee landorustherian cinderace nidoking,1.0
288,blaziken kommoo hitmonlee zapdosgalar buzzwole terrakion,1.0
289,venusaur grimmsnarl talonflame dragapult swampert lucario,0.0
290,flareon lanturn        ,0.0
291,eldegoss flygon electivire diancie arcanine latias,1.0
292,cradily lapras cinderace clawitzer politoed rotomwash,1.0
293,regieleki slowkinggalar melmetal zapdosgalar dragapult clefable,0.0
294,tyranitar dragonite nidoking tapukoko volcarona ferrothorn,1.0
295,hydreigon landorustherian slowkinggalar melmetal dragapult zeraora,1.0
296,blissey regieleki comfey cinderace barraskewda dragapult,1.0
297,nidoking dragonite ferrothorn mandibuzz clefable tapufini,1.0
298,mew drapion ferrothorn barbaracle barraskewda chansey,1.0
299,heliolisk conkeldurr ferrothorn heatran scizor dragonite,1.0
300,coalossal claydol regice exploud gourgeist musharna,1.0
301,blacephalon lycanrocmidnight regice ferrothorn primarina jolteon,1.0
302,volcarona tyranitar nidoking haxorus hydreigon duraludon,1.0
303,barraskewda ferrothorn scizor swampert tapukoko pelipper,1.0
304,scrafty toxicroak liepard weavile morpekohangry grimmsnarl,0.0
305,moltresgalar regieleki garchomp toxapex heatran chansey,1.0
306,clefable dragapult excadrill slowbro cinderace mandibuzz,1.0
307,landorustherian dragapult regieleki liepard lickilicky toxapex,0.0
308,excadrill salamence blacephalon gallade rotomwash umbreon,1.0
309,regieleki blissey clefable dragapult toxapex landorustherian,1.0
310,tapulele dragapult tyranitar excadrill ferrothorn cinderace,0.0
311,tapufini drapion blacephalon mamoswine corviknight tangrowth,1.0
312,hydreigon sylveon starmie amoonguss excadrill marowakalola,0.0
313,venusaur ninetales gastrodon heliolisk heatran torkoal,0.0
314,spectrier landorustherian heatran kartana tapukoko swampert,1.0
315,dragonite garchomp spectrier melmetal clefable volcarona,1.0
316,scizor azelf qwilfish ludicolo bronzong kingdra,1.0
317,salamence umbreon blacephalon gallade excadrill rotomwash,1.0
318,torracat salandit jangmoo pikachu lycanrocdusk rowlet,0.0
319,spectrier clefable melmetal garchomp dragonite volcarona,0.0
320,excadrill venusaur latios haxorus torkoal charizard,1.0
321,tapufini drapion blacephalon tangrowth mamoswine corviknight,1.0
322,barraskewda seismitoad tornadustherian ferrothorn tapukoko pelipper,1.0
323,nihilego zarude weavile blaziken kommoo swampert,1.0
324,quagsire sableye sylveon volcarona lycanroc articuno,1.0
325,barraskewda omastar hippowdon dracozolt pelipper mew,0.0
326,dragapult obstagoon slowbrogalar regieleki torkoal lurantis,1.0
327,centiskorch scizor golisopod crustle silvallybug buzzwole,1.0
328,indeedee inteleon dragapult wobbuffet heatran hawlucha,1.0
329,slowbro ferrothorn slowkinggalar hatterene greedent stakataka,0.0
330,barraskewda tornadustherian seismitoad pelipper tapukoko ferrothorn,1.0
331,dracozolt garchomp shuckle hippowdon tapufini rillaboom,1.0
332,manectric blaziken sceptile gardevoir swampert tyranitar,0.0
333,slowking cinderace landorustherian mandibuzz tapukoko magearna,1.0
334,arcanine swampert weavile clefable corviknight jolteon,0.0
335,obstagoon drapion grimmsnarl umbreon incineroar hydreigon,1.0
336,gastrodon blaziken garchomp leafeon metagross tapukoko,0.0
337,tapukoko azumarill hawlucha magearna dragonite landorustherian,0.0
338,nihilego kommoo wartortle malamar gardevoir thundurustherian,0.0
339,slowbrogalar regieleki torkoal lurantis dragapult obstagoon,1.0
340,toxapex kartana hawlucha hydreigon electivire ferrothorn,0.0
341,haxorus druddigon aggron lapras hydreigon archeops,0.0
342,excadrill dragapult clefable cinderace mandibuzz slowbro,1.0
343,togekiss shedinja kingdra marowakalola rillaboom regieleki,0.0
344,barraskewda spectrier rotomheat excadrill hawlucha rillaboom,1.0
345,moltresgalar obstagoon grimmsnarl incineroar hydreigon morpekohangry,1.0
346,entei weavile gyarados cinderace landorustherian azelf,0.0
347,unfezant tyranitar weavile bisharp charizard metagross,0.0
348,heatran landorustherian celesteela buzzwole tapukoko raichualola,1.0
349,jellicent barbaracle arcanine togekiss togedemaru corsolagalar,1.0
350,blaziken venusaur garchomp zeraora grimmsnarl bisharp,1.0
351,zeraora zoroark dunsparce snom dragonair latios,0.0
352,rotomwash kartana tornadustherian garchomp heatran tapubulu,1.0
353,gyarados electivire blissey latios tornadustherian heatran,1.0
354,volcarona sirfetchd barraskewda hydreigon corviknight clefable,1.0
355,magearna diggersby zarude rotomwash claydol goodra,1.0
356,dragapult volcarona barraskewda hawlucha regieleki ferrothorn,1.0
357,torkoal cinderace venusaur darmanitan magmortar heliolisk,1.0
358,raichu haxorus lucario charizard drifblim amoonguss,1.0
359,scizor spectrier regieleki swampert dragonite corviknight,0.0
360,chansey blissey crobat      ,1.0
361,heliolisk cinderace darmanitan magmortar torkoal venusaur,1.0
362,hydreigon nidoking conkeldurr clefable moltres ferrothorn,1.0
363,mamoswine togekiss aegislash weavile gardevoir obstagoon,1.0
364,primarina appletun aegislash sandaconda talonflame vikavolt,1.0
365,swampert doublade gardevoir hydreigon cinderace toxapex,0.0
366,ludicolo          ,0.0
367,roselia shiftry snorlax urshifu alakazam torkoal,0.0
368,heatran tapufini zapdos hydreigon garchomp rillaboom,0.0
369,umbreon dragapult regieleki landorustherian keldeoresolute celesteela,1.0
370,sceptile aggron blaziken gardevoir manectric swampert,0.0
371,excadrill politoed kingdra clefable incineroar dragonite,0.0
372,gengar tapukoko blissey volcarona landorustherian mew,1.0
373,moltresgalar regirock golurk crawdaunt exeggutoralola cinderace,0.0
374,blissey quagsire zapdos corviknight togekiss toxapex,1.0
375,regieleki urshifu melmetal moltresgalar dragapult weezinggalar,0.0
376,indeedee zapdosgalar swampert kartana magearna slowbro,1.0
377,conkeldurr tapukoko garchomp toxapex cinderace ninetalesalola,1.0
378,kommoo ditto galvantula mimikyubusted dragonite wartortle,0.0
379,regieleki tapukoko rotomwash pelipper landorustherian mienshao,0.0
380,tyranitar luxray moltres milotic metagross salamence,1.0
381,slowbro zapdosgalar indeedee magearna swampert kartana,1.0
382,kyurem slowbro cinderace corviknight krookodile xurkitree,1.0
383,toxapex doublade hydreigon gardevoir swampert cinderace,0.0
384,aegislashblade dragapult togekiss kartana quagsire heatran,1.0
385,toxapex rotomwash excadrill landorustherian tapulele cinderace,0.0
386,mew lapras corviknight barbaracle barraskewda chansey,1.0
387,froslass rillaboom seismitoad lucario gardevoir cinderace,0.0
388,reuniclus dragonite galvantula umbreon cloyster blaziken,1.0
389,toxapex corviknight ferrothorn cinderace hawlucha volcarona,1.0
390,garchomp azelf tornadustherian heatran latios weavile,1.0
391,blissey umbreon togekiss slowbro cinderace landorustherian,1.0
392,regieleki slowking garchomp dragapult heatran zapdosgalar,1.0
393,cinccino cinderace hawlucha excadrill hydreigon shuckle,1.0
394,blissey latias cinderace hydreigon dragonite latios,1.0
395,alakazam zapdos garchomp togekiss blaziken gastrodon,1.0
396,porygon2 cinderace hatterene mandibuzz jellicent rillaboom,1.0
397,blaziken landorustherian vikavolt dusclops urshifurapidstrike dragapult,1.0
398,ferrothorn dragapult swampert cinderace rotomwash toxapex,1.0
399,slowbro corviknight grimmsnarl blacephalon obstagoon trevenant,1.0
400,urshifurapidstrike dragapult tapukoko landorustherian magearna moltres,1.0
401,sigilyph rillaboom latios      ,0.0
402,porygon2 thundurus urshifu rillaboom metagross incineroar,1.0
403,latios garchomp slowkinggalar moltres swampert nidoking,0.0
404,latias tapukoko landorustherian toxapex tyranitar heatran,1.0
405,blissey dracozolt corviknight gyarados spectrier tapukoko,1.0
406,wartortle linoonegalar tangela haunter gurdurr magneton,0.0
407,golisopod zapdos tapulele dragonite glaceon celebi,0.0
408,regieleki aegislashblade blissey cinderace landorustherian corviknight,1.0
409,keldeoresolute heatran sylveon rotomwash landorustherian ferrothorn,1.0
410,spectrier toxapex dragonite ferrothorn zarude rotomheat,1.0
411,salamence excadrill gengar tyranitar snorlax landorustherian,1.0
412,corviknight garchomp slowkinggalar slowbro dragapult blissey,1.0
413,tapufini tyranitar excadrill charizard audino lurantis,1.0
414,hydreigon mandibuzz clefable slowbro chansey ferrothorn,1.0
415,raichu venusaur blastoise snorlax charizard espeon,1.0
416,regieleki rillaboom kingdra cinderace dragapult togekiss,1.0
417,wobbuffet blastoise dragapult cinderace gengar zapdos,0.0
418,spectrier excadrill metagross magearna azelf regidrago,1.0
419,tapufini excadrill tyranitar audino charizard lurantis,1.0
420,urshifurapidstrike gengar dragonite heatran landorustherian magearna,1.0
421,blacephalon lycanroc        ,0.0
422,spectrier alakazam slowkinggalar volcarona slurpuff cloyster,1.0
423,excadrill latios dracozolt swampert tyranitar hippowdon,0.0
424,hydreigon rotomheat toxapex mimikyubusted hawlucha snorlax,1.0
425,inteleon lycanrocdusk garchomp aerodactyl scizor celesteela,1.0
426,chansey hippowdon excadrill slowbro ferrothorn garchomp,1.0
427,blissey milotic indeedeef starmie cloyster azumarill,1.0
428,ralts weezinggalar tapubulu carbink    ,0.0
429,magearna toxapex volcarona rillaboom landorustherian grimmsnarl,1.0
430,arcanine scizor lucario dragonite venusaur swampert,1.0
431,dragapult swampert nidoking tapukoko kartana cinderace,1.0
432,nidoking hawlucha melmetal marowakalola rillaboom tornadustherian,1.0
433,volcarona alakazam dragonite urshifu aegislash toxapex,1.0
434,tapulele slowbro corviknight tyranitar dracozolt excadrill,1.0
435,slowbro landorustherian dragapult clefable rillaboom heatran,1.0
436,chandelure ferrothorn nidoqueen sylveon sceptile inteleon,1.0
437,heatran azumarill landorustherian latias keldeoresolute bisharp,0.0
438,gurdurr linoonegalar tangela magneton wartortle haunter,0.0
439,hydreigon dracozolt rillaboom landorustherian corviknight volcarona,1.0
440,tapufini tyranitar zygarde10 reuniclus kyurem heatran,1.0
441,urshifurapidstrike centiskorch bewear slowbro corviknight gengar,0.0
442,passimian slowkinggalar malamar noivern gengar garchomp,1.0
443,cloyster gengar scolipede politoed    ,0.0
444,latios boltund hydreigon tapufini emolga tangrowth,1.0
445,clefable toxapex corviknight conkeldurr hydreigon gengar,0.0
446,cloyster hydreigon togekiss salazzle chansey quagsire,1.0
447,suicune zapdos tapukoko scizor blacephalon tyranitar,0.0
448,rotomwash shuckle inteleon jirachi gengar grimmsnarl,1.0
449,clefable talonflame lycanrocdusk raichualola absol hawlucha,1.0
450,tauros charizard butterfree pikachu blastoise venusaur,1.0
451,cinderace grimmsnarl gyarados mamoswine celesteela ferrothorn,1.0
452,mimikyubusted galvantula        ,0.0
453,mimikyubusted ninjask weavile rotomwash toxapex ferrothorn,1.0
454,gengar blastoise garchomp blaziken alakazam machamp,0.0
455,lycanrocdusk excadrill ferrothorn volcarona dragonite corsolagalar,0.0
456,clefable zapdos kartana landorustherian slowkinggalar magearna,1.0
457,venusaur blastoise gengar buzzwole zeraora rillaboom,0.0
458,avalugg buzzwole slowbro dragonite urshifurapidstrike zeraora,0.0
459,kartana slowkinggalar landorustherian magearna zapdos clefable,1.0
460,milotic coalossal metagross dragonite rotomwash weezinggalar,1.0
461,mimikyubusted charizard umbreon lucario chandelure dragapult,0.0
462,blastoise gengar alakazam blaziken garchomp machamp,0.0
463,dragapult buzzwole toxapex spiritomb moltres ferrothorn,1.0
464,charizard volcarona maractus whimsicott torkoal leafeon,1.0
465,tapufini garchomp blaziken latios spiritomb blissey,0.0
466,blissey buzzwole hippowdon cinderace magearna moltres,1.0
467,tapukoko ferrothorn barraskewda tornadustherian seismitoad pelipper,1.0
468,zygarde10 regieleki mew corviknight cinderace spectrier,1.0
469,goodra musharna hippowdon togekiss scrafty cloyster,1.0
470,dragonite slowbro buzzwole avalugg zeraora urshifurapidstrike,1.0
471,slurpuff slowbrogalar tsareena jirachi galvantula durant,1.0
472,sharpedo noivern raichualola escavalier passimian drapion,1.0
473,magearna dragonite araquanid goodra carbink avalugg,1.0
474,slowbro nidoking mandibuzz ferrothorn heatran landorustherian,1.0
475,kommoo heatran weavile tornadustherian landorustherian magearna,1.0
476,haxorus rotomwash porygon2 reuniclus mandibuzz incineroar,0.0
477,kommoo eldegoss rotomwash shuckle zoroark  ,0.0
478,slurpuff spectrier alakazam cloyster slowkinggalar urshifu,0.0
479,mimikyubusted galvantula        ,0.0
480,pikachuoriginal articuno mawile galvantula azumarill arcanine,1.0
481,regieleki cloyster kartana urshifurapidstrike landorustherian toxapex,1.0
482,starmie urshifu snorlax dragapult landorustherian corviknight,1.0
483,haunter wartortle gurdurr linoonegalar magneton tangela,1.0
484,urshifurapidstrike mandibuzz blissey ferrothorn diancie slowbro,1.0
485,urshifurapidstrike kartana tentacruel rotomwash indeedee pelipper,1.0
486,dracozolt volcanion landorustherian tyranitar cinderace aegislashblade,1.0
487,xurkitree heatran melmetal urshifu scyther volcarona,0.0
488,rillaboom flareon dragapult raichualola buzzwole gyarados,0.0
489,heatran galvantula ferrothorn celesteela tapufini hawlucha,1.0
490,barraskewda mamoswine terrakion diggersby lopunny excadrill,1.0
491,galvantula tsareena slurpuff durant jirachi slowbrogalar,0.0
492,toxapex landorustherian rotomwash magearna cinderace celesteela,1.0
493,drapion porygonz aggron torkoal araquanid galvantula,1.0
494,snorlax lapras venusaur blastoise pikachu charizard,0.0
495,cinderace blissey celesteela ninjask toxapex mandibuzz,1.0
496,spectrier dragapult cinderace tapukoko sceptile magearna,1.0
497,zapdos raichualola tapukoko magnezone regieleki dracozolt,0.0
498,clefable excadrill tapubulu melmetal barraskewda garchomp,1.0
499,swampert dragapult rillaboom slowkinggalar incineroar corviknight,0.0
500,regieleki talonflame ninjask aerodactyl dragapult tapukoko,0.0
501,zeraora excadrill dragapult rillaboom hawlucha volcarona,1.0
502,garchomp roserade lucario spiritomb milotic gastrodon,1.0
503,toxtricity lucario lycanrocdusk braviary silvallyfairy incineroar,0.0
504,slowkinggalar alakazam cloyster urshifu slurpuff heracross,1.0
505,dragapult slowbro ferrothorn magearna cinderace landorustherian,0.0
506,sceptile sharpedo scizor salamence torkoal metagross,0.0
507,magearna aggron landorustherian regieleki rillaboom garchomp,1.0
508,liepard conkeldurr garchomp orbeetle cryogonal chandelure,0.0
509,cloyster gengar scolipede cinderace politoed  ,0.0
510,tornadustherian cinderace tapulele rotomwash toxapex landorustherian,0.0
511,cinderace claydol regieleki ferrothorn tapukoko tornadustherian,1.0
512,glaceon flareon sylveon leafeon jolteon umbreon,0.0
513,heatran darmanitan dragalge gengar scrafty rotomwash,1.0
514,latios dragonite heatran seismitoad landorustherian regieleki,1.0
515,heatran rillaboom gengar krookodile slowbro zapdos,1.0
516,toxtricity centiskorch hatterene corviknight dragapult rillaboom,1.0
517,alakazam heatran incineroar hatterene sigilyph corviknight,1.0
518,lucario armaldo blaziken starmie cofagrigus haxorus,0.0
519,scrafty gengar rotomwash darmanitan dragalge heatran,0.0
520,garchomp ferrothorn toxapex dragonite azumarill spectrier,1.0
521,sylveon espeon goodra togekiss jirachi victini,1.0
522,dragapult skarmory magnezone rillaboom gastrodon clefable,1.0
523,drifblim haxorus hitmontop grimmsnarl exeggutor weavile,1.0
524,turtonator lapras thundurustherian cobalion terrakion spiritomb,0.0
525,blaziken landorustherian zapdos clefable cinderace heatran,1.0
526,cinderace gardevoir snorlax tyranitar aegislash swampert,0.0
527,magearna rillaboom swampert tapulele slowkinggalar mandibuzz,1.0
528,quagsire garchomp volcarona sigilyph sandaconda togekiss,0.0
529,cinderace gardevoir snorlax tyranitar aegislash swampert,0.0
530,diggersby slowbrogalar kartana porygonz tapulele tauros,1.0
531,rillaboom clefable shuckle dragonite nidoking volcarona,1.0
532,gengar goodra dragonite tapubulu jirachi swampert,0.0
533,tyranitar gardevoir swampert aegislash cinderace snorlax,1.0
534,porygon2 magearna slowbro perrserker rhyperior buzzwole,0.0
535,toxapex porygon2 tapubulu skarmory sableye gastrodon,0.0
536,dragapult ferrothorn buzzwole melmetal cinderace tentacruel,0.0
537,tyranitar blastoise dragapult dragonite cinderace gengar,0.0
538,dragapult clefable nidoking cinderace landorustherian magearna,1.0
539,sylveon conkeldurr seismitoad corviknight rotomheat dragapult,1.0
540,heatran seismitoad regieleki reuniclus dragalge tapubulu,0.0
541,venusaur dragapult mandibuzz clefable torkoal charizard,1.0
542,gengar slowbrogalar galvantula marowak slowking zapdosgalar,0.0
543,krabby raboot mrmimegalar piloswine typenull tangela,1.0
544,garchomp melmetal gigalith milotic sandaconda dracozolt,1.0
545,tyranitar gardevoir swampert aegislashblade cinderace snorlax,1.0
546,urshifurapidstrike hawlucha landorustherian tapukoko cinderace ferrothorn,1.0
547,dragonite nidoking corviknight rillaboom cinderace swampert,1.0
548,dragapult lucario tapukoko urshifu ferrothorn moltres,1.0
549,dragonite kyurem dragapult swirlix zapdosgalar cinderace,0.0
550,bewear meowth mimikyubusted wobbuffet toxapex  ,0.0
551,politoed clefable aerodactyl heliolisk metagross cofagrigus,1.0
552,cinccino darmanitan tapulele flygon jolteon sharpedo,1.0
553,mimikyubusted cinderace rillaboom grimmsnarl shuckle  ,0.0
554,excadrill toxapex cinderace ninetalesalola heatran zapdos,1.0
555,corviknight charizard torkoal metagross garchomp slowbrogalar,0.0
556,zapdos rillaboom slowbro regieleki pelipper barraskewda,1.0
557,calyrex obstagoon slowking clefable corviknight hippowdon,0.0
558,reuniclus espeon terrakion zeraora dragapult vaporeon,1.0
559,slowbro bisharp landorustherian dragonite scizor gengar,1.0
560,tapufini magnezone urshifu kartana toxapex hippowdon,1.0
561,aron alakazam cloyster slurpuff jynx shedinja,0.0
562,clefable obstagoon slowking corviknight hippowdon calyrex,1.0
563,jolteon rapidash snorlax pelipper golduck tentacruel,1.0
564,cinderace ferrothorn toxapex tapukoko melmetal hydreigon,1.0
565,barraskewda spectrier cinderace excadrill zapdosgalar ferrothorn,1.0
566,umbreon melmetal hatterene glastrier volcanion  ,1.0
567,heatran rotomwash mimikyubusted slowkinggalar landorustherian moltres,0.0
568,hatterene wishiwashi buzzwole melmetal scizor magearna,1.0
569,heatran porygonz toxapex aegislash tapukoko ferrothorn,1.0
570,blissey gengar conkeldurr tyranitar rotomwash skarmory,1.0
571,kommoo slowkinggalar melmetal jirachi magearna garchomp,0.0
572,cinderace boltund bisharp sirfetchd seismitoad dragapult,0.0
573,politoed kingdra porygon2 crobat scizor espeon,1.0
574,heliolisk aerodactyl politoed clefable cofagrigus metagross,1.0
575,clefable snorlax blissey bisharp kommoo mew,1.0
576,gengar tyranitar gyarados torkoal venusaur ninetalesalola,1.0
577,dragapult snorlax hydreigon obstagoon inteleon ferrothorn,1.0
578,tapulele urshifu corviknight toxtricity incineroar garchomp,1.0
579,rotomwash slowkinggalar mimikyubusted moltres landorustherian heatran,1.0
580,rotomwash dragapult cinderace hydreigon toxapex rillaboom,1.0
581,dragapult nidoking tyranitar swampert rillaboom corviknight,1.0
582,marowak alcremie centiskorch dragapult pincurchin celesteela,0.0
583,rillaboom excadrill magearna rotomwash tyranitar dracozolt,0.0
584,centiskorch gengar melmetal lilligant dedenne landorustherian,0.0
585,hawlucha grimmsnarl excadrill zeraora dragapult bisharp,0.0
586,zapdos garchomp azumarill ferrothorn pelipper barraskewda,1.0
587,urshifurapidstrike nidoking kingdra zapdos pelipper ferrothorn,1.0
588,slowkinggalar kommoo melmetal jirachi magearna garchomp,0.0
589,ferrothorn corviknight aegislash doublade dugtrioalola klinklang,0.0
590,spectrier ninetalesalola inteleon regigigas chansey cinderace,1.0
591,excadrill marowakalola hydreigon sylveon starmie amoonguss,0.0
592,hippowdon melmetal tyranitar scizor excadrill ferrothorn,0.0
593,slowking landorustherian magearna cinderace zapdos dragapult,1.0
594,exploud ribombee tyrantrum urshifurapidstrike stunfisk togedemaru,0.0
595,corsolagalar slowbro kartana volcarona tapulele skarmory,0.0
596,spectrier landorustherian buzzwole toxapex blissey melmetal,1.0
597,rotomwash rillaboom spectrier hawlucha heatran kartana,1.0
598,rillaboom klefki tentacruel obstagoon garchomp blacephalon,1.0
599,dragapult lycanrocdusk urshifu rotomheat tangrowth magearna,1.0
600,stakataka bronzong glastrier slowbro heatran magearna,1.0
601,slowking landorustherian magearna dragapult zapdos cinderace,1.0
602,ferroseed kabuto dwebble squirtle pikachu tangela,0.0
603,barraskewda venusaur tangrowth inteleon ninetales pelipper,1.0
604,magnezone ferrothorn toxapex      ,0.0
605,gastrodon zapdos blaziken garchomp togekiss alakazam,0.0
606,tornadustherian garchomp buzzwole bisharp azelf tapufini,0.0
607,magearna kommoo hatterene mandibuzz marowakalola crawdaunt,1.0
608,barraskewda nidoking kingdra zapdos ferrothorn pelipper,1.0
609,dracozolt clefable nidoking corviknight hippowdon magearna,1.0
610,hydreigon slowbro cinderace tapukoko ferrothorn landorustherian,1.0
611,volcarona tyranitar metagross dragapult garchomp latios,1.0
612,garchomp aggron reuniclus ferrothorn hippowdon excadrill,0.0
613,blissey spectrier toxapex urshifu mew zapdosgalar,0.0
614,xurkitree obstagoon regidrago articunogalar grimmsnarl tapukoko,0.0
615,volcarona ferrothorn hippowdon durant inteleon dragapult,1.0
616,hitmontop gardevoir        ,0.0
617,zeraora landorustherian toxapex spectrier corviknight cinderace,1.0
618,ditto excadrill landorustherian corviknight grimmsnarl kommoo,1.0
619,blaziken lapras gengar tyranitar salamence venusaur,0.0
620,tyranitar excadrill garchomp melmetal hippowdon corviknight,0.0
621,charizard cinderace torkoal heatran venusaur xatu,0.0
622,dragapult primarina starmie      ,0.0
623,charizard kartana durant      ,0.0
624,magearna reuniclus zapdosgalar rillaboom garchomp kommoo,1.0
625,cinderace cloyster tyranitar skarmory whimsicott nidoking,0.0
626,clefable melmetal dragapult toxapex mandibuzz nidoking,1.0
627,gyarados kommoo aegislashblade sylveon gastrodon mandibuzz,1.0
628,klefki klinklang weezing heracross toxtricity grimmsnarl,0.0
629,garchomp azumarill spectrier ferrothorn toxapex dragonite,0.0
630,blaziken tapulele buzzwole corviknight cinderace blissey,1.0
631,dragapult amoonguss cloyster kartana frosmoth corviknight,0.0
632,corviknight haxorus nidoking volcarona weavile barraskewda,1.0
633,magearna cinderace rillaboom latios toxapex swampert,1.0
634,magearna cinderace buzzwole blissey moltres hippowdon,0.0
635,gyarados gastrodon mandibuzz kommoo sylveon aegislashblade,1.0
636,cinderace ferrothorn swampert hawlucha kartana landorustherian,1.0
637,clefable mimikyu azumarill togekiss sylveon whimsicott,1.0
638,hippowdon buzzwole cinderace blissey magearna moltres,1.0
639,latias garchomp goodra dragalge kommoo salamence,1.0
640,gyarados zapdos nihilego melmetal krookodile amoonguss,1.0
641,volcarona azumarill bisharp mew diggersby crobat,1.0
642,slowkinggalar cinderace melmetal regieleki ferrothorn clefable,1.0
643,kartana rotomwash ferrothorn magearna volcarona seismitoad,1.0
644,tapufini porygonz shuckle metagross dragonite raboot,1.0
645,azumarill bisharp zeraora mew zarude dragapult,0.0
646,porygon2 volcarona garchomp urshifu tapulele gengar,1.0
647,hydreigon ferrothorn cinderace landorustherian slowbro tapukoko,1.0
648,slowbro landorustherian regieleki heatran dragapult rillaboom,1.0
649,rotomwash azelf crawdaunt terrakion conkeldurr salamence,0.0
650,toxapex hawlucha excadrill tapulele tapukoko cinderace,1.0
651,nidoking barraskewda zapdosgalar landorustherian blissey urshifurapidstrike,1.0
652,spectrier tapufini victini blissey magearnaoriginal garchomp,1.0
653,cradily archeops gigalith tyranitar rhyperior diancie,1.0
654,espeon tyranitar crobat scizor heracross kingdra,0.0
655,spectrier slowbro magearna melmetal hawlucha dusclops,1.0
656,regieleki slowbro landorustherian magearna ferrothorn zapdosgalar,1.0
657,mandibuzz barraskewda latios hitmontop vileplume nidoking,0.0
658,cinderace corviknight grimmsnarl barraskewda dragapult rillaboom,1.0
659,haxorus dugtrio hydreigon registeel comfey tapulele,1.0
660,hydreigon tapufini conkeldurr kartana magearna blissey,1.0
661,regieleki miltank barraskewda swampert ferrothorn pelipper,1.0
662,slowking flareon hitmonlee nidoqueen togetic audino,1.0
663,kartana espeon cinderace tyranitar grimmsnarl indeedee,1.0
664,volcarona tapulele landorustherian corviknight heatran clefable,1.0
665,marowakalola dugtrio noivern umbreon starmie drapion,0.0
666,blastoise venusaur charizard alakazam jolteon dragonite,0.0
667,tapufini dragonite landorustherian cinderace kommoo spectrier,1.0
668,inteleon melmetal ninetalesalola landorustherian toxapex moltres,1.0
669,magearna spectrier corviknight nidoking rillaboom landorustherian,1.0
670,swampert corviknight nidoking hydreigon heatran tapubulu,1.0
671,gyarados kommoo gastrodon sylveon aegislashblade mandibuzz,1.0
672,swampert dragapult spectrier mandibuzz amoonguss heatran,1.0
673,spectrier dragonite clefable magearna urshifurapidstrike landorustherian,1.0
674,tapukoko regieleki accelgor cramorant azelf melmetal,1.0
675,dragapult ferrothorn tyranitar inteleon durant volcarona,1.0
676,slurpuff alakazam togekiss rhyperior arcanine venusaur,1.0
677,regigigas tapulele buzzwole landorustherian toxapex corviknight,1.0
678,krookodile blaziken ferrothorn lanturn crobat togekiss,1.0
679,tapulele hawlucha excadrill dragapult grimmsnarl magmortar,1.0
680,magearna blacephalon urshifu garchomp tornadustherian tapukoko,1.0
681,chansey inteleon regigigas cinderace ninetalesalola spectrier,1.0
682,volcarona azumarill victini shuckle alakazam aggron,1.0
683,gastrodon hydreigon scolipede raikou emolga tsareena,1.0
684,spectrier hawlucha melmetal slowbro magearna dusclops,1.0
685,aegislash kartana dragapult spectrier latios garchomp,0.0
686,inteleon dracozolt ninetalesalola lucario cinderace rillaboom,1.0
687,alcremie kommoo charizard whimsicott marowakalola cinccino,0.0
688,rillaboom kartana tapulele cinderace dragapult rotomwash,0.0
689,slowbro blissey tornadustherian landorustherian clefable melmetal,1.0
690,dragonite darmanitan aggron rotomwash magearna venusaur,1.0
691,cinderace mandibuzz vanilluxe arctozolt swampert slowbro,1.0
692,hydreigon altaria dragalge garchomp dragonite goodra,1.0
693,dragonite wartortle wynaut jigglypuff    ,0.0
694,kartana spectrier latios garchomp dragapult aegislashblade,0.0
695,dragapult toxtricity duraludon tapufini whimsicott amoonguss,0.0
696,magearna crawdaunt whimsicott bisharp blaziken gengar,0.0
697,scrafty dusclops        ,0.0
698,kingdra tornadustherian nidoqueen pelipper tapukoko ferrothorn,1.0
699,cresselia vaporeon tapukoko corviknight kyurem entei,1.0
700,blissey swampert volcarona gallade kartana dragapult,0.0
701,slowbro skarmory sigilyph chansey rotommow nidoqueen,1.0
702,magearna crawdaunt whimsicott gengar blaziken bisharp,1.0
703,spectrier hippowdon corviknight dragonite cloyster blissey,1.0
704,rillaboom landorustherian starmie heatran grimmsnarl cinderace,0.0
705,ninetales beheeyem starmie ferrothorn rhyperior crawdaunt,1.0
706,corviknight tapulele landorustherian clefable volcarona heatran,0.0
707,whimsicott grimmsnarl haxorus dragonite heatran umbreon,0.0
708,clefable toxapex hydreigon dragapult cinderace landorustherian,1.0
709,dragonite blaziken tapukoko mew corviknight weavile,1.0
710,tapulele alakazam excadrill hawlucha ribombee indeedee,0.0
711,blissey heatran latios magearnaoriginal regieleki landorustherian,1.0
712,magearna cinderace landorustherian kartana azumarill regieleki,1.0
713,gengar celesteela thundurustherian lucario garchomp blastoise,1.0
714,lucario silvallyfairy incineroar lycanrocdusk braviary toxtricity,0.0
715,kyurem blaziken dragonite garchomp tapukoko hawlucha,1.0
716,urshifurapidstrike volcarona landorustherian kartana tapukoko latios,1.0
717,espeon meowstic grimmsnarl abomasnow indeedeef shuckle,0.0
718,urshifurapidstrike landorustherian cresselia cinderace corsolagalar regieleki,0.0
719,dragapult hydreigon excadrill kingdra garchomp dragonite,0.0
720,dragonite metagross gengar golisopod aggron torkoal,0.0
721,toxtricity silvallyfairy incineroar lucario lycanrocdusk braviary,0.0
722,spectrier slowkinggalar ferrothorn landorustherian hydreigon melmetal,1.0
723,regidrago linoone excadrill weezinggalar melmetal zeraora,1.0
724,talonflame hydreigon dragonite dragapult clefable tyranitar,0.0
725,tyranitar noivern froslass drapion blastoise lucario,1.0
726,mimikyu landorustherian torkoal slowking venusaur shiftry,1.0
727,aron skarmory riolu      ,0.0
728,urshifurapidstrike landorustherian corsolagalar regieleki cinderace cresselia,1.0
729,toxapex latios garchomp clefable scizor corviknight,1.0
730,garchomp magearna cinderace clefable heatran ferrothorn,1.0
731,heliolisk altaria melmetal vaporeon ninetales leafeon,0.0
732,magearna krookodile heatran barraskewda venusaur tapulele,1.0
733,magearna urshifu cinderace lycanrocdusk spectrier regieleki,1.0
734,kabutops skarmory mamoswine indeedee dragalge raikou,1.0
735,cinderace zeraora stakataka dragapult swampert zarude,1.0
736,clefable garchomp rotomheat tapufini decidueye corviknight,1.0
737,clefable blissey bisharp kommoo snorlax mew,1.0
738,cobalion latios jirachi azumarill dragapult scizor,1.0
739,gengar tyranitar gyarados venusaur ninetalesalola torkoal,0.0
740,metagross golisopod dragonite gengar aggron torkoal,0.0
741,mamoswine drapion toxicroak charizard seismitoad electivire,0.0
742,rotomwash scizor tapukoko mienshao noivern excadrill,1.0
743,silvallyfairy toxtricity lucario incineroar lycanrocdusk braviary,0.0
744,keldeoresolute buzzwole zapdos magearna liepard zeraora,1.0
745,tapukoko blaziken dragapult latios excadrill swampert,0.0
746,buzzwole ferrothorn zapdos conkeldurr mamoswine stunfisk,0.0
747,gyarados krookodile jirachi grimmsnarl kommoo togekiss,0.0
748,azumarill heatran hydreigon tapukoko chansey victini,1.0
749,landorustherian rillaboom latios comfey tornadustherian toxapex,1.0
750,inteleon jirachi tapukoko venusaur torkoal nidoking,0.0
751,gyarados slowbro excadrill latios melmetal buzzwole,1.0
752,heatran regieleki nidoking barraskewda rillaboom haxorus,0.0
753,keldeoresolute zeraora buzzwole zapdos liepard magearna,1.0
754,regidrago slowking rillaboom landorustherian heatran magearna,1.0
755,haxorus charizard dragapult inteleon mrrime aegislashblade,1.0
756,haxorus dragapult regieleki melmetal slowkinggalar zapdosgalar,1.0
757,heatran latios tyranitar mew urshifurapidstrike ferrothorn,0.0
758,keldeoresolute scizor landorustherian nidoking rillaboom blissey,1.0
759,cloyster alakazam spectrier kartana scizor aegislash,0.0
760,latias hawlucha buzzwole regieleki magearna tapukoko,0.0
761,snorlax aerodactyl lapras nidoqueen nidoking machamp,1.0
762,obstagoon sigilyph garchomp corviknight kartana victini,1.0
763,milotic sylveon volcarona lycanrocdusk noivern ferrothorn,1.0
764,toxapex corsolagalar ferrothorn obstagoon blissey gengar,0.0
765,porygonz tapukoko urshifu spectrier hawlucha victini,0.0
766,urshifurapidstrike celesteela heatran blissey tapufini landorustherian,0.0
767,tapufini zapdos nidoking rillaboom tyranitar heatran,1.0
768,moltresgalar barraskewda pelipper landorustherian kartana seismitoad,1.0
769,garchomp ferrothorn slowbro blissey bisharp cinderace,1.0
770,hydreigon slowkinggalar hawlucha cinderace tapukoko jellicent,1.0
771,garchomp aggron rhyperior dragapult alakazam thundurustherian,1.0
772,dragapult garchomp landorustherian melmetal moltres kartana,1.0
773,toxtricity rillaboom urshifurapidstrike centiskorch grimmsnarl corviknight,0.0
774,tapufini dragapult hippowdon corviknight swampert cinderace,1.0
775,magearna linoone hawlucha landorustherian crawdaunt tapukoko,1.0
776,dragonite toxapex excadrill clefable electivire blaziken,1.0
777,urshifurapidstrike kartana landorustherian cinderace regieleki dragapult,0.0
778,moltresgalar latios        ,0.0
779,cinderace slowkinggalar tapukoko hydreigon hawlucha jellicent,1.0
780,garchomp tapufini victini blissey magearnaoriginal spectrier,1.0
781,toxapex drapion scolipede salazzle weezinggalar venusaur,1.0
782,magearnaoriginal dragonite hydreigon barraskewda ferrothorn cinderace,1.0
783,landorustherian skarmory weezinggalar nidoking ferrothorn hippowdon,1.0
784,gardevoir ferrothorn weavile talonflame trevenant azumarill,1.0
785,seismitoad landorustherian tapufini toxapex nidoking buzzwole,1.0
786,hatterene moltresgalar glastrier garchomp blacephalon toxapex,0.0
787,azumarill togekiss sylveon clefable whimsicott tapubulu,1.0
788,stakataka corviknight clefable zeraora tapulele slowbro,1.0
789,dragonite excadrill clefable magearna machamp hydreigon,1.0
790,zapdos urshifu nidoking kingdra ferrothorn pelipper,1.0
791,linoone gardevoir shedinja flygon blaziken ludicolo,0.0
792,rotomheat hydreigon lycanrocdusk cloyster excadrill corviknight,1.0
793,urshifurapidstrike milotic zapdos ferrothorn garchomp pelipper,1.0
794,tapukoko dragonite heatran ferrothorn excadrill toxapex,0.0
795,magearna obstagoon zygarde10 gengar hippowdon tapukoko,1.0
796,ferrothorn kingdra pelipper urshifu zapdos nidoking,0.0
797,calyrex ninetales        ,0.0
798,tapufini toxapex excadrill nidoking dragapult zapdos,1.0
799,dragapult regieleki excadrill blissey moltres ferrothorn,1.0
800,barraskewda seismitoad tornadustherian ferrothorn pelipper reuniclus,0.0
801,rotomwash blaziken mew gengar corviknight blissey,1.0
802,scizor latios heatran landorustherian mew crawdaunt,1.0
803,tapukoko excadrill swampert blacephalon regieleki latios,1.0
804,umbreon cinderace tapulele garchomp swampert zapdos,1.0
805,barraskewda swampert ferrothorn urshifurapidstrike zapdos pelipper,0.0
806,landorustherian mew scizor crawdaunt heatran latios,1.0
807,trevenant exeggutor tangrowth torkoal venusaur rillaboom,1.0
808,rillaboom aegislashblade cinderace blissey garchomp latios,1.0
809,dragapult corviknight conkeldurr sylveon rotomheat seismitoad,1.0
810,barraskewda regieleki landorustherian magearnaoriginal cinderace dragapult,1.0
811,regieleki cinderace landorustherian ferrothorn spectrier kyurem,0.0
812,swampert barraskewda ferrothorn urshifurapidstrike zapdos pelipper,1.0
813,blacephalon hippowdon tangrowth zapdos falinks grimmsnarl,1.0
814,spectrier regieleki mew cinderace zygarde10 corviknight,1.0
815,weavile tapufini swampert nidoking cinderace ferrothorn,1.0
816,chansey corviknight zapdosgalar tyranitar buzzwole vaporeon,0.0
817,spectrier cinderace ferrothorn kyurem regieleki landorustherian,1.0
818,dragapult ludicolo darmanitan corviknight krookodile galvantula,1.0
819,celesteela chansey clefable torkoal toxapex ferrothorn,1.0
820,dragapult garchomp blissey corviknight toxapex clefable,1.0
821,landorustherian duraludon slowbro mandibuzz snorlax luxray,1.0
822,zapdos doublade chandelure clefable barraskewda espeon,0.0
823,hydreigon mamoswine gyarados magearna hippowdon celesteela,1.0
824,quagsire chandelure nihilego rotomwash tentacruel tangrowth,1.0
825,blaziken toxicroak rhyperior dedenne polteageist exeggutor,0.0
826,tapufini silvally garchomp blaziken dragapult spectrier,1.0
827,volcarona pelipper barraskewda swampert tapukoko regieleki,1.0
828,heracross magnezone tyranitar krookodile melmetal tyrantrum,0.0
829,slurpuff alakazam togekiss arcanine rhyperior venusaur,1.0
830,dragapult toxapex blissey clefable corviknight garchomp,1.0
831,spectrier kyurem regieleki landorustherian cinderace ferrothorn,1.0
832,magearna aggron kartana bronzong heatran duraludon,1.0
833,tapulele cinderace toxapex magearna quagsire landorustherian,0.0
834,clefable snorlax kommoo mew diancie dusknoir,1.0
835,rotom cinderace dragonite lopunny buzzwole quagsire,0.0
836,heatran obstagoon zapdos tapulele swampert rillaboom,1.0
837,blissey gyarados kartana marowakalola latios quagsire,1.0
838,gengar scizor zapdos gyarados landorustherian kartana,0.0
839,garchomp durant magnezone comfey aegislashblade blissey,1.0
840,jirachi ferrothorn heatran tyranitar corsolagalar landorustherian,1.0
841,dragonite barraskewda garchomp heatran tapulele tapukoko,1.0
842,quagsire lopunny cinderace rotom dragonite buzzwole,0.0
843,hawlucha diggersby azelf azumarill jirachi ninetalesalola,1.0
844,cinderace hydreigon landorustherian ferrothorn slowbro tapukoko,0.0
845,dragonite kartana dragapult magnezone landorustherian tapulele,1.0
846,slowking cinderace landorustherian rillaboom mandibuzz magearna,1.0
847,buzzwole clefable swampert slowkinggalar corviknight tapufini,1.0
848,milotic gastrodon tornadustherian spiritomb slowkinggalar tapubulu,1.0
849,cursola rillaboom lycanrocdusk weezinggalar centiskorch hydreigon,1.0
850,spectrier amoonguss rillaboom scizor tapufini rotomheat,1.0
851,falinks tangrowth blacephalon grimmsnarl zapdos hippowdon,0.0
852,magearna barraskewda pelipper regieleki tapukoko zapdosgalar,1.0
853,blaziken landorustherian zeraora latios gengar toxapex,0.0
854,alakazam ferrothorn ludicolo garchomp aegislashblade porygonz,0.0
855,gastrodon sceptile arcanine electivire corviknight pangoro,1.0
856,talonflame dragapult conkeldurr bisharp hawlucha barraskewda,0.0
857,garchomp hatterene blaziken celesteela milotic rotommow,0.0
858,landorustherian weavile magearna moltres ferrothorn slowking,1.0
859,kingdra kabutops blissey swampert politoed omastar,0.0
860,mrmimegalar buzzwole hatterene ditto gengar slowking,0.0
861,dragapult absol melmetal togekiss garchomp toxapex,0.0
862,urshifurapidstrike toxicroak dedenne polteageist blaziken exeggutor,1.0
863,gyarados dragonite gengar metagross tyranitar volcarona,1.0
864,zapdos urshifu nidoking ferrothorn pelipper kingdra,1.0
865,swampert heatran regieleki pelipper ferrothorn dragonite,1.0
866,landorustherian melmetal ferrothorn hydreigon slowkinggalar spectrier,0.0
867,tapulele kartana regieleki urshifurapidstrike dragapult rillaboom,1.0
868,magearna spectrier cinderace polteageist cloyster alakazam,0.0
869,charizard corviknight clefable dragapult cinderace regieleki,0.0
870,hydreigon mamoswine magearna hippowdon celesteela gyarados,0.0
871,regigigas swoobat salazzle xatu yamask cofagrigus,0.0
872,rillaboom rotomwash tapulele hydreigon cinderace kartana,0.0
